formulation,experiment,n,runs,collapses,collapse_rate,E_rel_mean,E_rel_std,L2_mean,L2_std,integral_mean,integral_std
con_rayleigh,A1_s0,1,30,0,0.0,5.7274587661034775e-08,3.0497628496570385e-08,3.680542162486286e-05,3.6089574361191228e-06,0.9999990057801829,4.755313058983717e-07
con_rayleigh,A1_s0,2,30,0,0.0,6.441827369838409e-08,3.6510930673267936e-08,4.816777032564369e-05,5.093694737064909e-06,0.9999973973439775,5.594928082208159e-07
con_rayleigh,A1_s0,3,30,0,0.0,3.318547527750026e-08,3.9308504432498774e-08,4.3315550664966006e-05,5.265906010224867e-06,0.9999987866502138,3.4036265879802666e-07
con_rayleigh,A1_s0,4,30,0,0.0,6.805266639819755e-08,3.252647870935541e-08,5.227409486943141e-05,6.087719661856484e-06,0.9999982529118576,5.277351441643124e-07
con_rayleigh,A1_s0,5,30,0,0.0,9.094698638080647e-08,4.212473637792899e-08,5.339532191143089e-05,4.07059153107928e-06,0.9999972968030192,6.761964631938064e-07
con_rayleigh,A1_s0,6,30,0,0.0,5.3756584969246814e-08,4.907353716898199e-08,4.596055541426763e-05,4.386681699252295e-06,0.9999969641980855,9.155145545034508e-07
con_rayleigh,A1_s0,7,30,0,0.0,1.0856324319427106e-07,5.222972547973465e-08,3.446747351088269e-05,3.89656084496678e-06,0.9999975860135762,6.362536841740885e-07
con_rayleigh,A1_s0,8,30,0,0.0,5.993783250476e-08,3.8952703544827996e-08,2.836248396870929e-05,5.713234006536566e-06,0.9999975076716126,5.783227505007631e-07
con_rayleigh,A1_s0,9,30,0,0.0,8.503820913487102e-08,3.72825387544045e-08,2.3661061878201967e-05,7.467795381907036e-06,0.9999974379461215,1.2105609652631368e-06
con_rayleigh,A1_s0,10,30,0,0.0,9.796183587267492e-08,3.607169453058323e-08,2.593062433389753e-05,5.630398434266995e-06,0.999994994764259,8.309489367741936e-07
con_rayleigh,A1_s0,11,30,0,0.0,1.0375823695609339e-07,5.867097888027172e-08,2.4640561404328337e-05,9.667167032901461e-06,0.9999948124316086,1.6608234346635137e-06
con_rayleigh,A1_s0,12,30,0,0.0,4.230444742286725e-08,4.279717160505597e-08,2.54697570188131e-05,9.022422612509472e-06,0.9999931089127264,2.238192675653666e-06
con_rayleigh,A1_s0,13,30,0,0.0,5.511102366385348e-08,3.558546472228304e-08,2.229280974159167e-05,8.474738716271454e-06,0.9999945337384453,2.4607420264338886e-06
con_rayleigh,A1_s0,14,30,0,0.0,1.1277015086436988e-07,4.8973400073779746e-08,4.2704484709645904e-05,5.772130167013912e-06,0.9999363962818433,2.6924555748479495e-06
con_rayleigh,A1_s0,15,30,0,0.0,8.789764694218673e-08,5.273899918970142e-08,2.476567082844282e-05,8.729868396876061e-06,0.9999924918846301,3.6730789230483536e-06
con_rayleigh,A1_s0,16,30,0,0.0,6.77833772096118e-08,4.239558928020216e-08,2.094627102209211e-05,1.1345672398556683e-05,0.9999927490932591,4.432511289553622e-06
con_rayleigh,A1_s0,17,30,0,0.0,9.366130235700208e-08,5.1657753240850486e-08,2.1370595712104212e-05,1.0599698435453676e-05,0.9999921462281944,4.979884964951437e-06
con_rayleigh,A1_s0,18,30,0,0.0,6.47852143773388e-08,3.726424006535852e-08,5.25282703282061e-05,6.245968575565558e-06,0.999906191563516,5.367236862412391e-06
con_rayleigh,A1_s0,19,30,0,0.0,3.640556521631249e-08,2.2115818502590267e-08,2.2675352283344158e-05,1.0414604309078895e-05,0.999988007592888,5.6138975133562844e-06
con_rayleigh,A1_s0,20,30,0,0.0,8.76549120809333e-08,3.5145833636457915e-08,6.478951732033381e-05,6.832082047931267e-06,0.9998768951831389,7.09056678555007e-06
con_rayleigh,A1_s0,21,30,0,0.0,1.6091587202996109e-07,5.6541616858512726e-08,0.00047371729096549363,4.003573146271883e-06,0.9990538490811774,7.23405139817148e-06
con_rayleigh,A1_s0,22,30,0,0.0,1.3244522096981955e-07,5.964272134871552e-08,0.0003088957843061478,5.5737891925996e-06,0.9993839106524014,9.796069829127024e-06
con_rayleigh,A1_s0,23,30,0,0.0,8.303691127042625e-08,5.2936707524685224e-08,1.7886573743077964e-05,1.0218658919958528e-05,0.9999830701801977,9.001681683804422e-06
con_rayleigh,A1_s0,24,30,0,0.0,2.9792571905323825e-08,3.7021285215504167e-08,1.986609708653363e-05,9.337615058673784e-06,0.9999750474306663,9.388525958570115e-06
con_rayleigh,A1_s0,25,30,0,0.0,6.033761265441841e-08,3.6218613574888e-08,2.2737341699893796e-05,1.1741322818650781e-05,0.9999697036233752,1.1901199914166976e-05
con_rayleigh,A1_s0,26,30,0,0.0,4.011351345300945e-08,3.320275238991403e-08,0.00014233985036113378,6.767113353077064e-06,0.9997180267719675,1.0909827794975252e-05
con_rayleigh,A1_s0,27,30,1,0.03333333333333333,1.2160009123312471e-05,6.58339935520283e-05,0.03362803834543815,0.18147754940766755,0.9657117615135771,0.18238860182136624
con_rayleigh,A1_s0,28,30,1,0.03333333333333333,2.467444687777302e-07,7.019067964604675e-07,0.03185119838953968,0.17315460794391993,0.9662957990330636,0.18201060317857384
con_rayleigh,A1_s0,29,30,2,0.06666666666666667,5.525645807327865e-07,2.5493816700573406e-06,0.05709490635867925,0.199988610903868,0.9277248026060299,0.22682849186042817
con_rayleigh,A1_s0,30,30,2,0.06666666666666667,4.55942748983579e-06,2.4459437338532905e-05,0.06166007546805389,0.22783856785422388,0.930658196992326,0.24750043368621727
con_rayleigh,A1_s0p01,1,30,0,0.0,4.775603643258469e-08,2.3769470866305852e-08,3.783937232958169e-05,3.5109566136108768e-06,0.9999988999045419,5.788055083769078e-07
con_rayleigh,A1_s0p01,2,30,0,0.0,5.27941464674136e-08,2.821960479625905e-08,4.89540371855979e-05,5.160092193098117e-06,0.9999972148887495,5.797098577982659e-07
con_rayleigh,A1_s0p01,3,30,0,0.0,4.357787485271607e-08,4.1682714567634846e-08,4.514809737689317e-05,6.555658050697592e-06,0.9999974356075684,4.727110354103233e-06
con_rayleigh,A1_s0p01,4,30,0,0.0,7.015824240071729e-08,4.251323898306623e-08,5.2601570038482624e-05,4.859672555988378e-06,0.999998119570411,4.6743875754300143e-07
con_rayleigh,A1_s0p01,5,30,1,0.03333333333333333,0.0333281628359584,0.18254479983749955,0.03913844333767345,0.18415075607799783,0.9561397786361031,0.18955172963845127
con_rayleigh,A1_s0p01,6,30,0,0.0,7.040492230323442e-08,5.925230119501501e-08,4.996162884588259e-05,1.7055510666251603e-05,0.9999856229107897,4.528814997616126e-05
con_rayleigh,A1_s0p01,7,30,1,0.03333333333333333,0.03324962289829515,0.18211505372433104,0.0336894605972501,0.18246761889752902,0.965997304901985,0.18248117438674744
con_rayleigh,A1_s0p01,8,30,0,0.0,5.349600513492144e-08,2.7084795016809304e-08,2.7843328532942764e-05,6.746755133125018e-06,0.9999972713822795,1.3434096422927297e-06
con_rayleigh,A1_s0p01,9,30,0,0.0,5.2805143266915684e-08,3.087982298913505e-08,0.006834877870603553,0.03604040022001909,0.9876683416207043,0.06497180391310514
con_rayleigh,A1_s0p01,10,30,0,0.0,9.919252541420011e-08,4.867150161893798e-08,0.0001155153956414273,0.00048223423688634583,0.9998120248155412,0.0009712741761051213
con_rayleigh,A1_s0p01,11,30,0,0.0,1.139799795594736e-07,5.226985359579438e-08,0.018542807664130752,0.10079221634919978,0.9731101858109892,0.14594248180618147
con_rayleigh,A1_s0p01,12,30,3,0.1,0.003998403858074412,0.01590301674527334,0.10305717186407551,0.30425342823539714,0.8940238376554337,0.30484368470177
con_rayleigh,A1_s0p01,13,30,0,0.0,4.535298930480807e-08,3.3432415143197154e-08,0.010007168791978974,0.030607755366834466,0.9810168756966733,0.057798502426398043
con_rayleigh,A1_s0p01,14,30,1,0.03333333333333333,0.00030019295098530685,0.0016435254883204909,0.03357460842686996,0.18228503323517228,0.9661314216624984,0.1824799355613428
con_rayleigh,A1_s0p01,15,30,2,0.06666666666666667,0.0020776724053752455,0.010542416718486583,0.09046843852856254,0.2663134583857603,0.8958277820253835,0.2843130531184755
con_rayleigh,A1_s0p01,16,30,0,0.0,6.889871489201134e-08,4.4754599745117414e-08,2.060966116142447e-05,1.1240990717444391e-05,0.999992978172254,4.559527105019733e-06
con_rayleigh,A1_s0p01,17,30,1,0.03333333333333333,0.00016206857357390546,0.0008871391514213402,0.047218209591064125,0.19252728210747333,0.9436387128910149,0.21068391472260853
con_rayleigh,A1_s0p01,18,30,1,0.03333333333333333,0.0026844051073744986,0.014702775396579462,0.03569466420768697,0.18218412979986479,0.9619943041795743,0.18229650818920487
con_rayleigh,A1_s0p01,19,30,1,0.03333333333333333,0.0001458170600909699,0.0007984430156425055,0.03725715571743171,0.18278825405348822,0.9591998824127551,0.18569082002526183
con_rayleigh,A1_s0p01,20,30,3,0.1,0.0005449644118520482,0.002736451022423874,0.0982384426235904,0.2870506030760443,0.8928397854820644,0.30062666255037435
con_rayleigh,A1_s0p01,21,30,1,0.03333333333333333,0.001148168057202944,0.0062878608802762965,0.04635872718521305,0.1878449949926713,0.9435534726032326,0.20115129890504482
con_rayleigh,A1_s0p01,22,30,0,0.0,1.3925971603873968e-07,6.407672438427965e-08,0.0020854707061483016,0.00916808866549799,0.995932769807414,0.01789447564138281
con_rayleigh,A1_s0p01,23,30,5,0.16666666666666666,0.0053893389888784475,0.0149849507013299,0.16752156558670078,0.3782097452011113,0.8313062719293183,0.3781778103887256
con_rayleigh,A1_s0p01,24,30,1,0.03333333333333333,0.0018008979331118312,0.009863662579905818,0.0364170117601856,0.1821131485310187,0.9605649843130168,0.18234605898571818
con_rayleigh,A1_s0p01,25,30,1,0.03333333333333333,5.332572723018522e-05,0.00029181639625600633,0.04150056922439342,0.18243029197381566,0.950902518603365,0.18643378761137114
con_rayleigh,A1_s0p01,26,30,2,0.06666666666666667,0.00023791008219477394,0.0009567219438167243,0.07225733318477508,0.25220194265573315,0.922201903236641,0.2527632549872167
con_rayleigh,A1_s0p01,27,30,5,0.16666666666666666,0.00260482441499611,0.008077236488294809,0.16766523652784276,0.37713066780174925,0.8302739536030213,0.3778334732502304
con_rayleigh,A1_s0p01,28,30,5,0.16666666666666666,0.0026901041898345244,0.010815759168356058,0.1651685902047237,0.3629528233258106,0.824292862808349,0.37554774347628506
con_rayleigh,A1_s0p01,29,30,6,0.2,0.0029640880066076126,0.010083287928264066,0.2067561516433434,0.3822964285437105,0.7705113046313118,0.3998181319846506
con_rayleigh,A1_s0p01,30,30,5,0.16666666666666666,0.0016520663825988118,0.008111395836646978,0.16026554675736762,0.35795436309359474,0.829019350985845,0.3703333388747848
con_rayleigh,A1_s0p05,1,30,0,0.0,5.867830499604779e-08,3.597443996049457e-08,4.3165843812126317e-05,4.2708741161425215e-06,0.9999977669554381,9.66225169546783e-07
con_rayleigh,A1_s0p05,2,30,0,0.0,5.209228779990704e-08,1.8827651942910373e-08,5.26953642218843e-05,4.905734794108654e-06,0.9999964169651926,5.895296060190342e-07
con_rayleigh,A1_s0p05,3,30,0,0.0,1.3734078442563894e-05,7.499546365120033e-05,0.016063521634907086,0.0875545550205874,0.9756738105315432,0.13290302709095078
con_rayleigh,A1_s0p05,4,30,0,0.0,5.419786380242776e-08,3.7752040657379755e-08,5.9329821126986264e-05,6.366098829107803e-06,0.9999974434430681,6.056950922568577e-07
con_rayleigh,A1_s0p05,5,30,0,0.0,1.0269995016013389e-07,4.566335983914827e-08,6.992324988918923e-05,3.567366375791624e-05,0.9999705693634916,9.451266360421596e-05
con_rayleigh,A1_s0p05,6,30,0,0.0,6.701201893105763e-08,5.557650689540433e-08,8.503811529635505e-05,0.0001575279897967409,0.9999206368786218,0.00033363446458383833
con_rayleigh,A1_s0p05,7,30,0,0.0,1.1001996949952353e-07,5.429363649214582e-08,0.0002807307987820151,0.0012644805550057717,0.9995093941578914,0.0025332433432414844
con_rayleigh,A1_s0p05,8,30,0,0.0,5.1678808785015307e-08,3.075244696571577e-08,3.1294424758585024e-05,8.80699120965473e-06,0.9999967561737436,1.0277447970151006e-06
con_rayleigh,A1_s0p05,9,30,0,0.0,6.733013383208976e-08,4.304881849582023e-08,3.9239190319210385e-05,5.15277873027869e-05,0.9999670620189998,0.0001110404309890228
con_rayleigh,A1_s0p05,10,30,2,0.06666666666666667,0.006420449825261966,0.03249929309580055,0.07203015401569715,0.2535715743138558,0.9233221998483023,0.2561797175670853
con_rayleigh,A1_s0p05,11,30,1,0.03333333333333333,1.2705972963894482e-07,5.8401564895317547e-08,0.022159743958107672,0.11440003950287253,0.9688595863184155,0.1571489499481483
con_rayleigh,A1_s0p05,12,30,0,0.0,6.467885353004471e-08,4.6709068870825064e-08,0.006765162125771068,0.03684612828542077,0.9878715397473089,0.0662754296188367
con_rayleigh,A1_s0p05,13,30,0,0.0,3.423682237282913e-08,3.809987800345221e-08,0.00011574073923556528,0.0004279000961397908,0.9998099220412351,0.0008635390447199198
con_rayleigh,A1_s0p05,14,30,1,0.03333333333333333,0.0008445647000422382,0.004625279619504437,0.0340115381357083,0.18229711948278265,0.9652968389220855,0.18237630824404583
con_rayleigh,A1_s0p05,15,30,0,0.0,8.056827891250374e-08,5.031436676530881e-08,0.00803021375634172,0.03256980409532942,0.9850615818539251,0.05973981257471503
con_rayleigh,A1_s0p05,16,30,0,0.0,6.819685622450476e-08,3.800236361678611e-08,2.380296298894185e-05,1.5246191183000242e-05,0.9999910422856431,8.029143472266906e-06
con_rayleigh,A1_s0p05,17,30,5,0.16666666666666666,0.00334864999383649,0.014293121335492936,0.17141581557761124,0.3609265328755597,0.8124918896856552,0.3830629839075133
con_rayleigh,A1_s0p05,18,30,2,0.06666666666666667,0.003233374985519517,0.01673778728899899,0.08685339535275263,0.2637720638662908,0.9011126213290803,0.28030022664905596
con_rayleigh,A1_s0p05,19,30,0,0.0,4.903790087707883e-08,3.6541063958689194e-08,0.018877610324766012,0.056232222795524284,0.9656773236571364,0.09969427131051765
con_rayleigh,A1_s0p05,20,30,1,0.03333333333333333,0.0023440426978148516,0.012838283349389292,0.04791629179559006,0.18674420049956467,0.9401964643984496,0.19849053022861232
con_rayleigh,A1_s0p05,21,30,3,0.1,0.0005799961954366146,0.0031757918637087506,0.08265113514967244,0.25157961719166055,0.902724252735535,0.28710093910443346
con_rayleigh,A1_s0p05,22,30,2,0.06666666666666667,0.0010017337449459214,0.0054838230939128286,0.08492797674639242,0.2520879171743399,0.8987964015848054,0.2661248540416508
con_rayleigh,A1_s0p05,23,30,4,0.13333333333333333,0.004069557683180037,0.01374370240298865,0.12437214966005382,0.32068372388026245,0.866142539254,0.3354500504930565
con_rayleigh,A1_s0p05,24,30,4,0.13333333333333333,0.0016810003089389946,0.009145289329889929,0.13185925993256606,0.3399541073244434,0.8653994891665489,0.3450775573754428
con_rayleigh,A1_s0p05,25,30,7,0.23333333333333334,0.0065087227929386555,0.017027653541429804,0.22771512411009487,0.4186867259068275,0.7658863882883286,0.42837387798309146
con_rayleigh,A1_s0p05,26,30,6,0.2,0.0029602928881558048,0.009038160352509168,0.20592740885602226,0.4033721855064112,0.7878481530892937,0.40563862921045557
con_rayleigh,A1_s0p05,27,30,4,0.13333333333333333,0.003224486287495784,0.01103122539228139,0.14013224474966962,0.343198800011955,0.853237021318126,0.34350403492214726
con_rayleigh,A1_s0p05,28,30,7,0.23333333333333334,0.0003765573857404677,0.0017231413826744894,0.2263323495572803,0.4090546861357455,0.7603093510271033,0.42028288300960037
con_rayleigh,A1_s0p05,29,30,4,0.13333333333333333,0.0033837606208588075,0.012325637255649901,0.14813146917488726,0.344093503608799,0.8401388678072726,0.35030827251711605
con_rayleigh,A1_s0p05,30,30,4,0.13333333333333333,0.0011743522178153463,0.006341779574082877,0.15693607697318426,0.34010676494026415,0.8225735799538647,0.36159500220192453
con_rayleigh,A1_s0p1,1,30,0,0.0,6.175502885465996e-08,3.906325453909709e-08,4.461074234935811e-05,4.262336892593791e-06,0.9999972528457068,7.6347114863527e-07
con_rayleigh,A1_s0p1,2,30,0,0.0,5.727458766103913e-08,3.0497628496572715e-08,4.6550412784950454e-05,3.615917064965955e-06,0.9999965869168972,8.11154897630757e-07
con_rayleigh,A1_s0p1,3,30,0,0.0,5.9166474215539776e-08,4.008629189513624e-08,5.500985859983657e-05,6.643415268608012e-06,0.9999976582608945,5.051571310532031e-07
con_rayleigh,A1_s0p1,4,30,0,0.0,4.9717422608802155e-08,3.179832173926521e-08,6.498478597690671e-05,7.193823848608327e-06,0.9999972236527633,6.789835600248286e-07
con_rayleigh,A1_s0p1,5,30,0,0.0,9.919252541419982e-08,4.588207681238649e-08,7.389214663010113e-05,5.0880095695622854e-05,0.9999716041341818,0.00012066107332702367
con_rayleigh,A1_s0p1,6,30,1,0.03333333333333333,0.033246127412411834,0.18209622903053702,0.0340681362645277,0.1824271957347687,0.9652770655944053,0.18246667706660638
con_rayleigh,A1_s0p1,7,30,2,0.06666666666666667,0.033517257408154796,0.1661926093742119,0.06669014350290065,0.2535909472772013,0.9332981064525475,0.253698605364748
con_rayleigh,A1_s0p1,8,30,0,0.0,5.671691881984072e-08,3.725566855771441e-08,3.367831346913279e-05,1.0707238214879418e-05,0.9999965487357757,1.224458418467247e-06
con_rayleigh,A1_s0p1,9,30,1,0.03333333333333333,0.001353727908912973,0.007414355610401673,0.03334710156427182,0.18243267947151884,0.9666357782297587,0.18256832984989071
con_rayleigh,A1_s0p1,10,30,2,0.06666666666666667,0.0013792426977917301,0.0061456717705446655,0.06979181162905522,0.25293821513648734,0.9271720084150509,0.2534035550731222
con_rayleigh,A1_s0p1,11,30,1,0.03333333333333333,0.0012463843396627572,0.006826030047453144,0.0334495263395674,0.182409600891351,0.9664220569406666,0.18252929503913684
con_rayleigh,A1_s0p1,12,30,2,0.06666666666666667,0.0048231352695457174,0.022364924534939594,0.0667975032889227,0.253485096446131,0.9330285225799629,0.2536282977069375
con_rayleigh,A1_s0p1,13,30,0,0.0,3.911583955235183e-08,3.4504065117694004e-08,0.0008696498847561507,0.004317971917828531,0.9983163072236477,0.00854279448835974
con_rayleigh,A1_s0p1,14,30,0,0.0,1.1908051236951787e-07,4.284171024922995e-08,0.0003986863047342612,0.0011377520007184486,0.9992507156963182,0.002286126471124293
con_rayleigh,A1_s0p1,15,30,2,0.06666666666666667,0.0004905637228596597,0.0018761970619359256,0.07942360523683474,0.25932735233384385,0.9125073091352436,0.2723466192056331
con_rayleigh,A1_s0p1,16,30,0,0.0,5.68611086461476e-08,3.569268803290591e-08,2.8118534768847583e-05,1.5845337093092055e-05,0.9999904655722667,7.871331344059288e-06
con_rayleigh,A1_s0p1,17,30,1,0.03333333333333333,8.232075670160444e-05,0.0004503264581383849,0.03356159823168158,0.18210614670285893,0.9660909891643656,0.18247272926369396
con_rayleigh,A1_s0p1,18,30,8,0.26666666666666666,0.010962600547211236,0.0280383676872086,0.2584039524592522,0.43310569325873205,0.7313090507665446,0.4416236385883966
con_rayleigh,A1_s0p1,19,30,3,0.1,0.0017865377146004976,0.009298572227066548,0.0943623752629594,0.2845391986911637,0.8984677956047109,0.2999125723306182
con_rayleigh,A1_s0p1,20,30,3,0.1,0.0021021647637349907,0.008157312094773278,0.11669514340857272,0.2996619626154189,0.8670460882922045,0.32552459384830407
con_rayleigh,A1_s0p1,21,30,7,0.23333333333333334,0.003373001462086702,0.014123430643708176,0.23572729684623842,0.4234580826729634,0.7574658111462135,0.42706286691497525
con_rayleigh,A1_s0p1,22,30,7,0.23333333333333334,0.002162042656582227,0.007514752407766809,0.22571099892533952,0.41645179562253554,0.7671864109765251,0.4272928363461265
con_rayleigh,A1_s0p1,23,30,3,0.1,0.0005427826023832204,0.0022208115172676424,0.09997271985938098,0.3028562257333954,0.8987290034513211,0.3046753376557175
con_rayleigh,A1_s0p1,24,30,4,0.13333333333333333,0.0027834294075726744,0.011976804948001522,0.12579730824116825,0.32703278612352643,0.8676241462092656,0.3407064155776038
con_rayleigh,A1_s0p1,25,30,8,0.26666666666666666,0.00020210181431093213,0.000590294707915471,0.25554185664929047,0.426148908678194,0.7297720365381329,0.4399646400549085
con_rayleigh,A1_s0p1,26,30,5,0.16666666666666666,0.00018139986338685287,0.0006559070125036936,0.1538957702080382,0.3507299506380572,0.834809300011949,0.36438496382543395
con_rayleigh,A1_s0p1,27,30,10,0.3333333333333333,0.003251702221682548,0.009738463686226708,0.3303697916075174,0.47393820327405717,0.6655406496917068,0.4783524817012194
con_rayleigh,A1_s0p1,28,30,7,0.23333333333333334,0.0012826537804493273,0.006831922430433582,0.22872745868051966,0.4102870395974836,0.7575869378090007,0.42351460789810663
con_rayleigh,A1_s0p1,29,30,7,0.23333333333333334,0.00018609352236835836,0.0005365584252552504,0.2508429915974052,0.42484609102164983,0.7357165617471069,0.43425986205217304
con_rayleigh,A1_s0p1,30,30,15,0.5,0.0003495955261656187,0.0008646857744189618,0.5032595455012183,0.49030907191373646,0.47914070412124654,0.4966925274011266
sin_rayleigh,A1_s0,1,30,0,0.0,1.015213307560869e-07,5.487241226293223e-08,3.64020555440805e-05,3.172774574320411e-06,0.9999991397062937,5.013058264379623e-07
sin_rayleigh,A1_s0,2,30,0,0.0,6.720661790438289e-08,0.0,4.7807588228139996e-05,5.010057006503639e-06,0.999997591972351,6.800660383708439e-07
sin_rayleigh,A1_s0,3,30,0,0.0,2.7989275489892356e-08,3.6948867413617586e-08,4.312734417910615e-05,5.213921480835285e-06,0.9999987681706747,1.020607327187941e-06
sin_rayleigh,A1_s0,4,30,0,0.0,4.2016067730257275e-08,1.8116916529080157e-08,5.1788992033669675e-05,5.009488847564332e-06,0.9999983032544454,1.0991370834665444e-06
sin_rayleigh,A1_s0,5,30,0,0.0,8.97162968392813e-08,3.081396355564019e-08,5.332785709290699e-05,4.527850764139744e-06,0.9999973833560943,7.982005198921729e-07
sin_rayleigh,A1_s0,6,30,0,0.0,4.516748180946207e-08,4.3289675407298696e-08,0.00010039323453873796,7.77174330336711e-05,1.0000135123729705,0.00019814050621528873
sin_rayleigh,A1_s0,7,30,0,0.0,1.0645978935922173e-07,1.1521091141272663e-08,7.834050433764134e-05,4.3154404277838576e-05,0.9999898910522461,0.00013239906007436153
sin_rayleigh,A1_s0,8,30,0,0.0,2.9420792643193955e-08,0.0,8.946670672649516e-05,4.407020443176702e-05,1.0000287353992463,0.00014694380934817528
sin_rayleigh,A1_s0,9,30,0,0.0,3.657837861412528e-08,0.0,9.290186812504807e-05,4.1276803279082414e-05,1.0000132044156393,0.0001494401505942887
sin_rayleigh,A1_s0,10,30,0,0.0,9.796183587267492e-08,2.7814869258341617e-08,9.156911492786886e-05,3.998914472333781e-05,1.0000292360782623,0.00014725178415957252
sin_rayleigh,A1_s0,11,30,1,0.03333333333333333,3.763656807283018e-05,0.00020514510730597628,0.033396691478411934,0.18248193142050623,0.9666296770466595,0.1825672335154716
sin_rayleigh,A1_s0,12,30,0,0.0,9.277932841041203e-08,4.2058192161493694e-08,0.00011567691502840622,5.3574826253642e-05,0.9999668876330058,0.0001939394501202721
sin_rayleigh,A1_s0,13,30,3,0.1,6.368453681385309e-05,0.00021725475178273283,0.09253606954949414,0.2838502786027695,0.901518238166304,0.3004975724724458
sin_rayleigh,A1_s0,14,30,3,0.1,3.883072470757889e-05,0.0001409963771941455,0.08999950194480048,0.27802217430114223,0.9029951436916235,0.29634929120427284
sin_rayleigh,A1_s0,15,30,5,0.16666666666666666,6.273569826536461e-05,0.00015396496897487365,0.1538873265762157,0.3507471508881459,0.8349348892740875,0.3752136673048759
sin_rayleigh,A1_s0,16,30,8,0.26666666666666666,0.00013538410724937112,0.0002329489530563508,0.2689428737142078,0.4416238029203099,0.7231044686071818,0.44537743550120124
sin_rayleigh,A1_s0,17,30,16,0.5333333333333333,0.00014840262855415039,0.00016569381207583205,0.5234345565529929,0.5001106504464171,0.468951396191627,0.5053764495798831
sin_rayleigh,A1_s0,18,30,14,0.4666666666666667,0.0001353923662730906,0.00017122810813413185,0.4656583374039595,0.5062211833919985,0.5332975450101147,0.5073676433780736
sin_rayleigh,A1_s0,19,30,16,0.5333333333333333,0.0001428546984946901,0.00016259822245224599,0.5287949598713381,0.5034965756460223,0.4671877078183293,0.5069435172191472
sin_rayleigh,A1_s0,20,30,25,0.8333333333333334,0.0002138521468940064,0.00014307415164027765,0.8193219179767154,0.3773375614603237,0.17029162291776342,0.3778327204144777
sin_rayleigh,A1_s0,21,30,22,0.7333333333333333,3.6698481704027964e-06,7.445497280633756e-06,0.7325750032433201,0.44901155607809967,0.2664113612905606,0.44934030701752886
sin_rayleigh,A1_s0,22,30,22,0.7333333333333333,5.22803491441555e-06,1.1230845987163732e-05,0.7329189264830035,0.4488756095368128,0.26611094667040264,0.4488388165599404
sin_rayleigh,A1_s0,23,30,27,0.9,3.0244097239673608e-06,6.316662832820728e-06,0.8978816161370061,0.30442600872307973,0.1000485632584658,0.3051294860903315
sin_rayleigh,A1_s0,24,30,25,0.8333333333333334,2.4615772134178393e-06,6.3289113171228816e-06,0.839383767576604,0.36459342995517924,0.15430233904219068,0.3562898679337126
sin_rayleigh,A1_s0,25,30,25,0.8333333333333334,2.879558890024616e-06,6.289871214655574e-06,0.8297252072142877,0.37770840136408995,0.1669514194958004,0.3789611843317062
sin_rayleigh,A1_s0,26,30,29,0.9666666666666667,2.79550943963417e-06,4.983951055392867e-06,0.9659127878002064,0.1824116410636916,0.03332785213400178,0.18254157234191346
sin_rayleigh,A1_s0,27,30,30,1.0,3.525743320459726e-06,6.435417457885491e-06,0.9994221361607522,0.00041324033340588243,2.734043776301635e-07,8.043485158072035e-07
sin_rayleigh,A1_s0,28,30,30,1.0,2.032752760885946e-06,5.008796515410609e-06,0.996426076988519,0.01619960673835984,0.00026486258625582073,0.001449258792184388
sin_rayleigh,A1_s0,29,30,30,1.0,4.6655170360493905e-08,0.0,0.9992903261999087,0.0005475369510893446,5.01976082978306e-07,1.1657468702549856e-06
sin_rayleigh,A1_s0,30,30,30,1.0,4.5740088418007205e-08,0.0,0.9993853842121594,0.000362866475477721,2.6096533553010557e-07,4.978480503533235e-07
sin_rayleigh,A1_s0p01,1,30,0,0.0,1.405577894133373e-06,1.050846899230382e-06,3.69633860685964e-05,3.440395970449149e-06,0.9999990065892538,7.182184151189829e-07
sin_rayleigh,A1_s0p01,2,30,0,0.0,4.3678473364030554e-07,2.620623121278221e-07,4.8335939590415804e-05,4.950673926368925e-06,0.9999974131584167,1.2018772317888303e-06
sin_rayleigh,A1_s0p01,3,30,0,0.0,3.396413540336281e-07,2.9552256565558077e-07,4.430775981121074e-05,5.772463614772765e-06,0.9999978423118592,3.925845128600967e-06
sin_rayleigh,A1_s0p01,4,30,0,0.0,1.6804518045700163e-07,1.2726234213966002e-07,5.251487219436768e-05,5.792541393786178e-06,0.9999991794427235,4.775731272350229e-06
sin_rayleigh,A1_s0p01,5,30,1,0.03333333333333333,0.0001535680263883388,0.0008379136630225824,0.03914122973962506,0.18415345016291268,0.9561339418095947,0.1895613774747429
sin_rayleigh,A1_s0p01,6,30,0,0.0,1.169570309330204e-07,1.011982481821484e-07,0.00010896906935647847,7.353759290833552e-05,0.9999712586402894,0.00020532218615561097
sin_rayleigh,A1_s0p01,7,30,1,0.03333333333333333,1.7775754044095005e-06,8.870010584810162e-06,0.033757618328345375,0.1824422240959947,0.9659846546679646,0.18247871637429583
sin_rayleigh,A1_s0p01,8,30,0,0.0,7.422520457945029e-08,5.2752345745918736e-08,0.00010370175118632055,4.267793311567394e-05,1.0000451306502025,0.00016281737115650527
sin_rayleigh,A1_s0p01,9,30,0,0.0,1.4357135659414488e-07,2.410509381727383e-07,0.006888117535791121,0.036040160020489403,0.987697434425354,0.06499395605424034
sin_rayleigh,A1_s0p01,10,30,0,0.0,1.0063856540178586e-07,5.186517352989573e-08,0.00016723537480605266,0.00044581268135612085,0.9998460272947948,0.0009311882974814875
sin_rayleigh,A1_s0p01,11,30,0,0.0,2.0168865177575897e-07,2.1182478406992796e-07,0.018593626465145896,0.10078586917148262,0.9731530716021856,0.14595349214772796
sin_rayleigh,A1_s0p01,12,30,3,0.1,8.731247257109674e-05,0.0002807980719382546,0.10336520551164281,0.3043642832818043,0.8936697925352142,0.3047247666257414
sin_rayleigh,A1_s0p01,13,30,2,0.06666666666666667,4.8694393744997956e-05,0.00013232313628302295,0.10265827707363417,0.2696998449632128,0.8756743152117059,0.2986765492871808
sin_rayleigh,A1_s0p01,14,30,2,0.06666666666666667,3.476458517318288e-05,0.0001328872251476598,0.06686520459456458,0.25308618152425194,0.9327855040386271,0.25356257838857565
sin_rayleigh,A1_s0p01,15,30,7,0.23333333333333334,7.513883500594918e-05,0.00015349563356078805,0.25611652211095975,0.4261560432590029,0.7290368473611466,0.4341778537649198
sin_rayleigh,A1_s0p01,16,30,13,0.43333333333333335,0.00016895750778363474,0.0002240453525614537,0.4474952899807699,0.4898142834612517,0.5372667996459582,0.4972282038250651
sin_rayleigh,A1_s0p01,17,30,15,0.5,0.00014078477761326447,0.00017512818290584458,0.4996131080962684,0.5078952516989562,0.4997830834742366,0.5083263485777245
sin_rayleigh,A1_s0p01,18,30,18,0.6,0.00010983151435221257,0.00012964541932046811,0.6082200108917838,0.47776207701531376,0.3741593055919218,0.47926015026192564
sin_rayleigh,A1_s0p01,19,30,17,0.5666666666666667,0.00010358408895644074,0.0001262027761815151,0.5662850625635872,0.5035785551038896,0.4333195694614967,0.5039902831887905
sin_rayleigh,A1_s0p01,20,30,27,0.9,0.0001445304542002807,0.00010708327006288716,0.8954281323479241,0.3016152680938831,0.09887932938363846,0.30066119118552487
sin_rayleigh,A1_s0p01,21,30,25,0.8333333333333334,5.102838112114529e-06,1.2464414186276691e-05,0.8324709200650747,0.3785473630610638,0.16659467166733888,0.37888218968868953
sin_rayleigh,A1_s0p01,22,30,26,0.8666666666666667,1.6254757903745158e-06,2.647857467296864e-06,0.8640449201512813,0.3447863903130216,0.1334090980940124,0.3456919983895711
sin_rayleigh,A1_s0p01,23,30,27,0.9,9.289056421036192e-07,2.2999918994529652e-06,0.898553289158256,0.30464344179517217,0.10002407445648284,0.305144516181928
sin_rayleigh,A1_s0p01,24,30,28,0.9333333333333333,4.722981837199511e-07,1.0229919807340276e-06,0.9322549227448363,0.25341096985289696,0.06667367760349266,0.25371254673531296
sin_rayleigh,A1_s0p01,25,30,28,0.9333333333333333,9.236727329478062e-07,2.6263696329347592e-06,0.9305733660666914,0.25273688371036757,0.06656604804144553,0.2528431641276805
sin_rayleigh,A1_s0p01,26,30,30,1.0,8.676604384943195e-07,2.176254244955753e-06,0.9991622425023748,0.0005691673149446567,6.595376828390694e-07,1.1503207278903777e-06
sin_rayleigh,A1_s0p01,27,30,30,1.0,9.238083426756549e-07,2.8911559828089924e-06,0.9992618219036179,0.0011359060427298248,1.48684009199281e-06,6.068855350977401e-06
sin_rayleigh,A1_s0p01,28,30,29,0.9666666666666667,2.5355100147269274e-07,1.92452124651611e-07,0.9661522619368969,0.18241720871133868,0.03331256970716021,0.18245947571090146
sin_rayleigh,A1_s0p01,29,30,30,1.0,4.6655170360493905e-08,0.0,0.9994499355823403,0.00034372758075015814,2.050351711811264e-07,4.0560245152876527e-07
sin_rayleigh,A1_s0p01,30,30,29,0.9666666666666667,4.9404772432848704e-08,2.0072301010572863e-08,0.9661505421297826,0.1821322558480568,0.033211999685845164,0.181908299474357
sin_rayleigh,A1_s0p05,1,30,0,0.0,6.799348788863925e-06,4.773280352965327e-06,4.15620935320837e-05,4.129977258039958e-06,0.9999982476234436,2.505625590824313e-06
sin_rayleigh,A1_s0p05,2,30,0,0.0,1.7579170132983793e-06,1.2115380043869176e-06,5.281474454521891e-05,4.804967524724193e-06,0.9999966541926066,1.025803565947999e-06
sin_rayleigh,A1_s0p05,3,30,0,0.0,2.7909918938498144e-05,0.00014715619265081412,0.01605655516080157,0.08751912716751381,0.9756805956363678,0.1328669409237812
sin_rayleigh,A1_s0p05,4,30,0,0.0,5.16605717095789e-07,3.891105225867966e-07,5.927658168836735e-05,5.900738296377656e-06,0.9999970018863678,3.12060049560232e-06
sin_rayleigh,A1_s0p05,5,30,0,0.0,5.371907267120924e-07,4.4141920978467357e-07,7.519388525397322e-05,4.386667734503629e-05,0.9999814788500468,0.00011613328671772817
sin_rayleigh,A1_s0p05,6,30,0,0.0,3.5713573988009675e-07,4.211888844067394e-07,0.00014632602172933926,0.00015826857746438776,0.9999486764272054,0.0003915764385268235
sin_rayleigh,A1_s0p05,7,30,0,0.0,2.9432026566124677e-07,4.3785368966864686e-07,0.0003347391581150016,0.0012737902804901321,0.999481072028478,0.002569055976597773
sin_rayleigh,A1_s0p05,8,30,0,0.0,1.662279841070963e-07,1.4013266759388125e-07,9.056189366055126e-05,2.784645711026065e-05,1.0000036180019378,0.00013634586978884537
sin_rayleigh,A1_s0p05,9,30,0,0.0,1.4919299990602707e-07,1.0888960071552524e-07,8.762845098090256e-05,4.121704544772812e-05,1.0000163157780966,0.00014818260587140574
sin_rayleigh,A1_s0p05,10,30,2,0.06666666666666667,1.8455393097614056e-05,0.00010018789413219017,0.0721131084771188,0.253677794427893,0.9233750502294124,0.2561842403820794
sin_rayleigh,A1_s0p05,11,30,1,0.03333333333333333,3.675453008475643e-07,5.673162601449375e-07,0.02221793851203858,0.11449050452114752,0.968845588962237,0.15721852445660142
sin_rayleigh,A1_s0p05,12,30,1,0.03333333333333333,1.604675173991215e-06,7.89150387069185e-06,0.040121408048563394,0.18470976775597298,0.9545880648379542,0.19208418421957602
sin_rayleigh,A1_s0p05,13,30,2,0.06666666666666667,3.5198311309093606e-05,0.00013345252761913468,0.06685111589190139,0.25353963431551696,0.9331005157521325,0.2536466893836156
sin_rayleigh,A1_s0p05,14,30,4,0.13333333333333333,1.9537036133730986e-05,6.978602606565906e-05,0.11920938012740405,0.31506578106553007,0.8718782524902744,0.3297003207906283
sin_rayleigh,A1_s0p05,15,30,7,0.23333333333333334,3.39666980592849e-05,9.443345429029425e-05,0.22608116032093636,0.414952071870947,0.7654964769782441,0.4244206394519645
sin_rayleigh,A1_s0p05,16,30,11,0.36666666666666664,3.735882016253759e-05,8.761689182834197e-05,0.37028776963762794,0.4790696070883688,0.6184579788034252,0.48489672858727473
sin_rayleigh,A1_s0p05,17,30,21,0.7,5.6454882384888056e-05,8.679204141470319e-05,0.6839905465047664,0.4387429041259985,0.28595697789368546,0.4415202811925516
sin_rayleigh,A1_s0p05,18,30,23,0.7666666666666667,6.373729502247886e-05,8.720224087716623e-05,0.7544207277711465,0.42646841631448246,0.23612464304693453,0.42624622726104544
sin_rayleigh,A1_s0p05,19,30,20,0.6666666666666666,2.608301405118668e-05,4.6288932284088444e-05,0.6669426599605429,0.4661079950373203,0.3209809350932807,0.46164909076714533
sin_rayleigh,A1_s0p05,20,30,25,0.8333333333333334,6.029344279693068e-05,8.822129297664661e-05,0.8348949154094221,0.37417173708911505,0.16260873383051141,0.37037107050866985
sin_rayleigh,A1_s0p05,21,30,24,0.8,1.015158203560336e-06,1.537484266417014e-06,0.801613188065176,0.4000193748148275,0.19404555147475122,0.3950921280728171
sin_rayleigh,A1_s0p05,22,30,28,0.9333333333333333,5.950580312295287e-07,1.0530602599427513e-06,0.9320197462689223,0.2532682600391154,0.06662880996970542,0.25353544325013333
sin_rayleigh,A1_s0p05,23,30,26,0.8666666666666667,7.229346021560071e-07,1.5918770229147776e-06,0.8597492196120522,0.34471037495114537,0.1345362449786824,0.3452472212915154
sin_rayleigh,A1_s0p05,24,30,27,0.9,3.0581481038007463e-07,3.224643442045995e-07,0.8991416879517529,0.30482695743220967,0.10000763891514244,0.3051435678875316
sin_rayleigh,A1_s0p05,25,30,28,0.9333333333333333,4.515454505386421e-07,8.753342555676943e-07,0.9297703997095407,0.25318986749580596,0.06690192577527367,0.25357046230450725
sin_rayleigh,A1_s0p05,26,30,29,0.9666666666666667,3.059362476208267e-07,2.935808578089943e-07,0.9653842301560085,0.1823444357380657,0.03334420896428089,0.18257995044394323
sin_rayleigh,A1_s0p05,27,30,29,0.9666666666666667,4.961892466196334e-07,8.671677576922189e-07,0.9660434870202852,0.18244872591726732,0.033333380007526565,0.18257176791499355
sin_rayleigh,A1_s0p05,28,30,30,1.0,7.478626527092853e-07,2.6680400890825567e-06,0.9993609949760986,0.0006090526428524384,5.109396948458726e-07,1.8640614431866457e-06
sin_rayleigh,A1_s0p05,29,30,30,1.0,5.4498727110451925e-08,4.296092963023917e-08,0.9994281250762145,0.0003195533268732648,2.0322603929932385e-07,3.0685789465803323e-07
sin_rayleigh,A1_s0p05,30,30,30,1.0,7.87222445515807e-08,1.3277887151630082e-07,0.9995182528332806,0.00020076609314327416,9.334183597488795e-08,1.4177344840952772e-07
sin_rayleigh,A1_s0p1,1,30,0,0.0,9.378598791816506e-06,8.488528861977546e-06,4.367815044505317e-05,4.165299507832544e-06,0.9999974032243093,1.2491682307298781e-06
sin_rayleigh,A1_s0p1,2,30,0,0.0,2.188817588410046e-06,1.5825555084096464e-06,4.7004621546675374e-05,4.527407323383536e-06,0.9999974548816681,3.0728910948805567e-06
sin_rayleigh,A1_s0p1,3,30,0,0.0,1.5433892238333308e-06,1.1538935262473494e-06,5.471071197162766e-05,6.561858955344333e-06,0.9999985277652741,3.2346407905048205e-06
sin_rayleigh,A1_s0p1,4,30,0,0.0,8.625030088908567e-07,5.453096340348693e-07,6.431675379713396e-05,6.921865693859191e-06,0.9999977588653565,2.7349061901663434e-06
sin_rayleigh,A1_s0p1,5,30,0,0.0,5.619273438122723e-07,4.3707800366557144e-07,7.430866979702357e-05,5.0891097279075296e-05,0.9999684949715932,0.00012172299174149291
sin_rayleigh,A1_s0p1,6,30,1,0.03333333333333333,3.513356838533603e-05,0.00018939860879099257,0.03412331946230465,0.18240312902697492,0.9652821522996575,0.18246722469062093
sin_rayleigh,A1_s0p1,7,30,2,0.06666666666666667,6.988450348814901e-05,0.0003528673614512428,0.0667510131386246,0.2536138452568678,0.9333305240588974,0.253707469342047
sin_rayleigh,A1_s0p1,8,30,0,0.0,1.2883654739677128e-07,1.1244109144508923e-07,9.490868194679761e-05,3.8618446633007354e-05,0.9999843378861745,0.00014913312026109977
sin_rayleigh,A1_s0p1,9,30,1,0.03333333333333333,3.317302509267979e-05,0.0001811701345162851,0.03343431703846125,0.1825074595024125,0.9666739602885598,0.18257565911788529
sin_rayleigh,A1_s0p1,10,30,2,0.06666666666666667,3.92990697283696e-05,0.00020594559354748413,0.0698935414320363,0.25310894777405685,0.9271939246279906,0.2534142021187042
sin_rayleigh,A1_s0p1,11,30,2,0.06666666666666667,3.94790092252934e-05,0.00019999522749370105,0.06686484302839016,0.253576515501282,0.9330456218536437,0.2536310272525246
sin_rayleigh,A1_s0p1,12,30,4,0.13333333333333333,3.0553345725838024e-05,0.00014657622625468937,0.12511716290355446,0.32629584410821544,0.8684994413277026,0.34035166028397723
sin_rayleigh,A1_s0p1,13,30,9,0.3,4.5659921815890945e-05,0.00010788092183750027,0.3127686293267009,0.4554824279642242,0.6729595268024774,0.46863808445444555
sin_rayleigh,A1_s0p1,14,30,7,0.23333333333333334,3.368648662582369e-05,0.00010576087095010131,0.2247839605031304,0.41473436312144135,0.7673725952788905,0.426895307290137
sin_rayleigh,A1_s0p1,15,30,15,0.5,6.925581385726163e-05,0.0001345350191037875,0.4983206684883097,0.5067692111495775,0.50003299520908,0.5085282953012173
sin_rayleigh,A1_s0p1,16,30,20,0.6666666666666666,0.00010290090435730751,0.00014351878178116124,0.6657595699462476,0.4764769732895525,0.3312235063402615,0.4764516427610327
sin_rayleigh,A1_s0p1,17,30,20,0.6666666666666666,6.045782053846968e-05,0.0001033443960781003,0.650472518193865,0.4715442937289832,0.3371321483826118,0.47642517847110155
sin_rayleigh,A1_s0p1,18,30,29,0.9666666666666667,7.097313919761893e-05,9.617014468455474e-05,0.9646723996444819,0.18226833547285498,0.03336309961456251,0.18238459395012538
sin_rayleigh,A1_s0p1,19,30,19,0.6333333333333333,2.8599654054646314e-05,4.793357840544701e-05,0.6437486670778899,0.4743981768629329,0.34453389074832125,0.47456140321087403
sin_rayleigh,A1_s0p1,20,30,29,0.9666666666666667,6.612590026694755e-05,7.187646578034818e-05,0.9658656287831132,0.1824142337943615,0.03333896277919812,0.1825929810874358
sin_rayleigh,A1_s0p1,21,30,29,0.9666666666666667,1.2962717998410896e-06,2.6293855774936113e-06,0.9654498578188703,0.18234801088974703,0.03334569855319011,0.18259608081357492
sin_rayleigh,A1_s0p1,22,30,29,0.9666666666666667,3.337984511928412e-07,2.1333100823676307e-07,0.9658875743589266,0.18241605710991304,0.033336946075530484,0.18259009708778873
sin_rayleigh,A1_s0p1,23,30,29,0.9666666666666667,2.1319207777728885e-06,9.102094221717626e-06,0.9748454213443419,0.10189322342270207,0.010661769193395535,0.05053617314627644
sin_rayleigh,A1_s0p1,24,30,28,0.9333333333333333,3.1281430658311374e-07,3.228810567339372e-07,0.9327803846300085,0.2535469780374547,0.0666643854739933,0.2536981233901659
sin_rayleigh,A1_s0p1,25,30,30,1.0,4.388793361401779e-07,7.160881625493133e-07,0.9992767118245321,0.0007670628889548713,7.94144217910094e-07,3.131599374666968e-06
sin_rayleigh,A1_s0p1,26,30,29,0.9666666666666667,3.9167950693474996e-07,6.425682958245881e-07,0.9660812985211837,0.1824428492101436,0.03332755197903542,0.18254123501815953
sin_rayleigh,A1_s0p1,27,30,30,1.0,4.072597404180132e-07,7.132865459697621e-07,0.99952512211538,0.00023690736640320735,1.0535545302651587e-07,1.980923552565408e-07
sin_rayleigh,A1_s0p1,28,30,30,1.0,1.9255084025626219e-07,1.3602113954837572e-07,0.9994581197517224,0.0002960718526753105,1.7063044730943518e-07,4.0649436428299724e-07
sin_rayleigh,A1_s0p1,29,30,30,1.0,4.6655170360493905e-08,0.0,0.9995393089403402,0.00019044119415986146,8.012282022804944e-08,1.4265377907664483e-07
sin_rayleigh,A1_s0p1,30,30,30,1.0,4.5740088418007205e-08,0.0,0.9994977454551809,0.00031418258520346564,1.596974108393027e-07,4.313243086585597e-07
sin_rayleigh,A2_s0,1,5,0,0.0,9.07432520189306e-08,5.35189020150831e-08,2.943485467859836e-05,1.2070154014131347e-06,0.999999177455902,2.577513254930107e-07
sin_rayleigh,A2_s0,2,5,0,0.0,6.720661790438289e-08,0.0,3.71681460590697e-05,1.965929417559091e-06,0.999997878074646,5.818707877004137e-07
sin_rayleigh,A2_s0,3,5,0,0.0,2.5126241103297468e-08,3.841163706207351e-08,4.027726867269009e-05,1.8470231207452715e-06,0.999997615814209,3.244486188952332e-06
sin_rayleigh,A2_s0,4,5,0,0.0,5.209228779990803e-08,2.069614884950249e-08,0.0001936473236628633,0.00014522123103068128,1.0001584053039552,0.00040134811703215333
sin_rayleigh,A2_s0,5,5,0,0.0,8.97162968392813e-08,3.387200795534157e-08,0.0002592858839175779,8.988600804648252e-05,0.9997818470001221,0.0004481273572865203
sin_rayleigh,A2_s0,6,5,0,0.0,5.9482653742436636e-08,4.704445549353001e-08,0.0002911054561171405,0.00014990335426886569,1.0004871845245362,0.0002455990478014167
sin_rayleigh,A2_s0,7,5,0,0.0,1.1697705853446834e-07,2.8220794576217527e-08,0.0001069499632555486,1.8383891687007472e-05,0.9999817252159119,0.00018199862059938026
sin_rayleigh,A2_s0,8,5,0,0.0,1.336053682430105e-07,2.329637932481557e-07,0.00012002130782928682,4.281203337384996e-05,0.999834680557251,5.0852466911433704e-05
sin_rayleigh,A2_s0,9,5,0,0.0,2.051812279105499e-07,3.770074322269581e-07,0.00012184660201312557,5.1990380919881726e-05,1.0000009179115295,0.00022228598566215375
sin_rayleigh,A2_s0,10,5,2,0.4,0.0006498983108674184,0.000653976767021568,0.4001211375157527,0.5468520736400597,0.5991897363902552,0.5469847773906855
sin_rayleigh,A2_s0,11,5,2,0.4,0.0005973883113984857,0.0006789925497977427,0.39997150420872163,0.5474025394847591,0.5998052104725043,0.5475447821761094
sin_rayleigh,A2_s0,12,5,4,0.8,0.0007336388874613912,0.00043591031561259624,0.7996036926146216,0.44688135759227565,0.19995339002611545,0.4471090701507589
sin_rayleigh,A2_s0,13,5,4,0.8,0.0007708402753470667,0.00043062820495159564,0.7997336722453852,0.44699583444278407,0.19995904512813548,0.44712196909711815
sin_rayleigh,A2_s0,14,5,5,1.0,0.0008382902732384375,0.00011348830346167573,0.9997242695831365,1.7785980946629565e-05,9.153356045343841e-10,1.195346914695214e-09
sin_rayleigh,A2_s0,15,5,5,1.0,0.0005375634048888298,0.00020670794339410948,0.999079685086692,0.0013562004744670552,1.9258360354879043e-06,4.294619357715988e-06
sin_rayleigh,A2_s0,16,5,5,1.0,0.0005036506194276648,9.959311314785905e-05,0.9996601964576147,6.734411048762983e-05,1.1730580838642534e-08,1.3837463341591533e-08
sin_rayleigh,A2_s0,17,5,5,1.0,0.0005078802252023752,0.000136387190549417,0.9997210259553849,1.268566798324836e-05,9.679428619735475e-10,7.19749318097241e-10
sin_rayleigh,A2_s0,18,5,5,1.0,0.0005261509680857111,3.876604475851106e-05,0.9996761320908668,7.167548687102214e-05,9.746782470010373e-09,1.7039480753122674e-08
sin_rayleigh,A2_s0,19,5,5,1.0,0.00041252144237335675,0.00010291237795829227,0.9996993067682535,4.30849524371881e-05,4.330498182270048e-09,6.885098693425189e-09
sin_rayleigh,A2_s0,20,5,5,1.0,0.00038608598156262256,3.27464545691416e-05,0.9996952336939803,4.384047514644323e-05,4.74233585734396e-09,7.226524454835265e-09
sin_rayleigh,A2_s0p01,1,5,0,0.0,1.5057145980184743e-06,1.227537076882727e-06,2.97669835881224e-05,1.7277908848602195e-06,0.9999994039535522,5.763494850937639e-07
sin_rayleigh,A2_s0p01,2,5,0,0.0,1.680451804569984e-07,9.757014205619457e-08,3.860301945237249e-05,2.4251213699808347e-06,1.0000017166137696,8.800762549607497e-06
sin_rayleigh,A2_s0p01,3,5,0,0.0,2.420844954307163e-07,4.853639116106813e-07,4.077683702802789e-05,1.2797682046952407e-06,1.0000003099441528,5.5463395073298296e-06
sin_rayleigh,A2_s0p01,4,5,0,0.0,2.45347108895064e-07,1.1228553805232445e-07,0.0001152263590556602,9.580830457474002e-05,1.0001344680786133,0.00021506913627212455
sin_rayleigh,A2_s0p01,5,5,1,0.2,0.0012320337973258783,0.0027475530942116452,0.2346984077161271,0.4341478193489519,0.7369171261834984,0.4340328130846589
sin_rayleigh,A2_s0p01,6,5,0,0.0,1.3901525751330145e-07,8.244282166181569e-08,0.00019342172382676186,7.385220956026542e-05,0.9999447584152221,0.000376127589713662
sin_rayleigh,A2_s0p01,7,5,0,0.0,1.548392275653562e-07,8.227704780411781e-08,0.00016890547368846124,7.72565455273063e-05,1.000061845779419,0.0003201781144959222
sin_rayleigh,A2_s0p01,8,5,0,0.0,1.604880154047643e-07,2.724440507070113e-07,0.00011320028773486119,1.079862249091078e-05,0.9998881697654725,0.00014878923034735615
sin_rayleigh,A2_s0p01,9,5,0,0.0,5.3762391191199865e-08,3.489365980924179e-08,0.00012839709798878187,6.134576122335398e-05,1.0000590085983276,0.00023608771538266134
sin_rayleigh,A2_s0p01,10,5,0,0.0,9.669359021029171e-05,0.00021601634230922922,0.0006462209581862731,0.0011163288245949858,0.9988646745681763,0.002131567838451977
sin_rayleigh,A2_s0p01,11,5,3,0.6,0.0007042872955446359,0.0006482246211167318,0.5996844547686935,0.5472437659827833,0.39987398811688096,0.5475497281339285
sin_rayleigh,A2_s0p01,12,5,3,0.6,0.0005843946309569711,0.0005134288813298518,0.5997942011733461,0.5473990002188592,0.40003181797662235,0.5477659957052956
sin_rayleigh,A2_s0p01,13,5,4,0.8,0.0005671825029914638,0.00046251236120786493,0.7993684424657074,0.4468418151566635,0.19998885896390312,0.447186670121757
sin_rayleigh,A2_s0p01,14,5,5,1.0,0.0007875928289060785,0.00012089151204973911,0.9996827588007597,4.7007034731238514e-05,1.5117242657680664e-08,2.7977139058084375e-08
sin_rayleigh,A2_s0p01,15,5,5,1.0,0.0005597933781228584,0.0001596483505318152,0.9996944029136456,3.245165005452397e-05,3.933193570837546e-09,4.650632362147119e-09
sin_rayleigh,A2_s0p01,16,5,5,1.0,0.00044196368053409064,9.912506321349491e-05,0.9996412695240557,9.129079979119992e-05,1.849336411568689e-08,2.055240303397212e-08
sin_rayleigh,A2_s0p01,17,5,5,1.0,0.00036923533807825163,9.700597359907896e-05,0.999724655820341,1.8543545108977876e-05,9.170631629085158e-10,1.1121564535776324e-09
sin_rayleigh,A2_s0p01,18,5,5,1.0,0.0002519257171584674,0.00017927772894796968,0.9997015151707908,8.558457301802744e-05,8.33109465303572e-09,1.7928765479008688e-08
sin_rayleigh,A2_s0p01,19,5,5,1.0,0.0002834936030391763,0.00011852995615552516,0.9996971216311346,4.183496180814119e-05,4.422718391516866e-09,6.8859214702726394e-09
sin_rayleigh,A2_s0p01,20,5,5,1.0,0.00029854309364508514,7.422252258153604e-05,0.9997265190840186,2.0277518968048768e-05,9.502527718689702e-10,8.790501421964393e-10
sin_rayleigh,A2_s0p05,1,5,0,0.0,7.709194355172391e-06,4.5326225174371874e-06,3.246784113221462e-05,2.1790856694391875e-06,0.9999984502792358,2.6656007498500226e-07
sin_rayleigh,A2_s0p05,2,5,0,0.0,1.211621214370821e-06,5.80313840787056e-07,4.016033724076281e-05,1.8724984953049814e-06,0.9999970316886901,5.8915204013802e-07
sin_rayleigh,A2_s0p05,3,5,0,0.0,7.230742723786578e-07,3.194071056051869e-07,5.4523756812063654e-05,1.6255140075956503e-05,0.9999688982963562,5.206090235858368e-05
sin_rayleigh,A2_s0p05,4,5,0,0.0,4.5792741209973565e-07,3.270437653416745e-07,0.00030514677763430407,0.0001654616721067924,1.0003392934799193,0.0005159864409896919
sin_rayleigh,A2_s0p05,5,5,0,0.0,5.955248447166083e-07,3.1568319620857406e-07,0.00018596509668142433,6.193023661578507e-05,0.9998083710670471,0.000284965605266967
sin_rayleigh,A2_s0p05,6,5,0,0.0,2.0454886887808812e-07,1.386652538326583e-07,0.00028828559164332385,0.00014854496348394778,1.0000101566314696,0.000621268906250534
sin_rayleigh,A2_s0p05,7,5,0,0.0,6.261380131450344e-08,3.8920060507070854e-08,0.0001377410554960061,6.06745121109324e-05,0.9999998211860657,0.0002266138572358342
sin_rayleigh,A2_s0p05,8,5,0,0.0,3.407249796559976e-05,7.546572027845276e-05,0.00015745205660924418,3.9992125304665386e-05,1.0000261068344116,0.00027502970480678036
sin_rayleigh,A2_s0p05,9,5,1,0.2,0.00012906463289977463,0.00028825944608230734,0.2000484218379303,0.44691685708393797,0.7997607816157156,0.44707991585939655
sin_rayleigh,A2_s0p05,10,5,2,0.4,0.00019916133447916317,0.00039807208654570736,0.39886469618829357,0.5458689327500298,0.6000157108048381,0.5477222561938251
sin_rayleigh,A2_s0p05,11,5,3,0.6,0.000255508612845481,0.00032838210202650297,0.5996846970454407,0.5472531364847247,0.3998586100507847,0.5475284903119961
sin_rayleigh,A2_s0p05,12,5,5,1.0,0.0004777383271326777,0.00026648854868708345,0.9961600682905212,0.0075892405272983115,5.900419142532698e-05,0.00013182584707207735
sin_rayleigh,A2_s0p05,13,5,4,0.8,0.00035967302332918366,0.0002929751494027845,0.8529486309487325,0.3275158743700728,0.10741903357187776,0.24019547333539906
sin_rayleigh,A2_s0p05,14,5,5,1.0,0.0006289629613896683,0.00017423841388841896,0.9997255924676672,1.9615592230610812e-05,9.040773266686449e-10,1.0302629342574208e-09
sin_rayleigh,A2_s0p05,15,5,5,1.0,0.00035985185557241403,0.00018441579412127853,0.9997082580693721,1.853850003374067e-05,2.016532540949356e-09,1.884648143384527e-09
sin_rayleigh,A2_s0p05,16,5,5,1.0,0.00031690848580341445,0.00019451109743647425,0.9996408076566542,8.110546845977429e-05,1.7189290385521973e-08,1.7465501879659312e-08
sin_rayleigh,A2_s0p05,17,5,5,1.0,0.0002742259175787948,0.00015615168230891625,0.9997281407266778,1.601869474766165e-05,6.828768633893034e-10,7.682751287922443e-10
sin_rayleigh,A2_s0p05,18,5,5,1.0,9.953466387740937e-05,9.076114891986397e-05,0.9996773800961349,6.652476743324825e-05,9.309055282180622e-09,1.3589726339988237e-08
sin_rayleigh,A2_s0p05,19,5,5,1.0,0.00017780452211031808,0.00011722042999886931,0.9997099563209643,3.0224052488277112e-05,2.569905549476559e-09,3.1114966772059877e-09
sin_rayleigh,A2_s0p05,20,5,5,1.0,0.00014908943729709782,0.00017460654884602123,0.9997026975022111,4.47450254757954e-05,3.945791748893868e-09,6.458639529998706e-09
sin_rayleigh,A2_s0p1,1,5,0,0.0,1.0492063778942374e-05,6.64132111983421e-06,3.573419314945054e-05,2.8480630036860887e-06,0.999997615814209,9.564642033475894e-07
sin_rayleigh,A2_s0p1,2,5,0,0.0,1.4510841647372415e-06,7.138793120437151e-07,2.8453716894050867e-05,2.5047044963403964e-06,0.9999982357025147,1.142327332343691e-06
sin_rayleigh,A2_s0p1,3,5,0,0.0,6.308248129538285e-07,4.3366233926097386e-07,0.000211885560404058,0.00019066259807387243,1.0001336097717286,0.000490831611351292
sin_rayleigh,A2_s0p1,4,5,0,0.0,5.35229340537798e-07,3.643636974604762e-07,0.0001070962875105776,7.567723331645101e-05,1.0000186204910277,0.0002159207590172424
sin_rayleigh,A2_s0p1,5,5,0,0.0,2.8262506233978247e-07,2.972439335529004e-07,0.00024224768984388749,0.00013943901034061188,0.9998538613319397,0.00047168249357551077
sin_rayleigh,A2_s0p1,6,5,1,0.2,0.0003556216376207706,0.0007948580618216183,0.2000396735982526,0.44703221239337826,0.8000947240483118,0.4472665688881041
sin_rayleigh,A2_s0p1,7,5,1,0.2,0.000621242959272545,0.0013890817814659056,0.20005544224367813,0.44704234911334084,0.7999580264109416,0.4471901805677966
sin_rayleigh,A2_s0p1,8,5,1,0.2,0.000295210180546433,0.0006598939700864425,0.20004939508558156,0.44695628675314675,0.80000870745722,0.44721852393475536
sin_rayleigh,A2_s0p1,9,5,2,0.4,0.00032271328221597344,0.0004507680625936771,0.39959044045807185,0.5469372373835496,0.6000322076264097,0.5477506411998123
sin_rayleigh,A2_s0p1,10,5,4,0.8,0.00047457384510126745,0.0003757193662578976,0.797963665031391,0.44598531128046,0.1999487633215107,0.44705444742924805
sin_rayleigh,A2_s0p1,11,5,4,0.8,0.0005674676230782167,0.00045303244164050316,0.7997414928664377,0.44701461140597903,0.19997648979565116,0.4471609977252371
sin_rayleigh,A2_s0p1,12,5,5,1.0,0.0004747321410267529,0.0003366751099248772,0.9856324049166798,0.031093242329693228,0.0009733045182173328,0.002176173669393003
sin_rayleigh,A2_s0p1,13,5,5,1.0,0.00029347180197227376,0.0003151446455370836,0.9992315512522303,0.0007994570019935252,7.80647286718894e-07,1.5979250194990386e-06
sin_rayleigh,A2_s0p1,14,5,5,1.0,0.0004935047413201617,7.685520856279455e-05,0.9997055601301689,4.649157205761742e-05,3.707075140762648e-09,5.8180632478400195e-09
sin_rayleigh,A2_s0p1,15,5,5,1.0,0.0003816200786205726,0.000246930027324398,0.9997272300308009,9.985553151072546e-06,5.977013189939484e-10,3.960784569536008e-10
sin_rayleigh,A2_s0p1,16,5,5,1.0,0.00030915896747749875,0.00022194888589766187,0.9995563548673777,0.00021951136767670975,7.645851071713672e-08,1.1964650616675177e-07
sin_rayleigh,A2_s0p1,17,5,5,1.0,8.657000294061184e-05,9.921976006901904e-05,0.9997180228007064,3.0242948890318346e-05,1.8406459946496145e-09,2.7778535246315268e-09
sin_rayleigh,A2_s0p1,18,5,5,1.0,0.00015105528964995515,0.00015095497640856809,0.9996612187381284,5.9714972956793194e-05,1.1170605440646852e-08,1.1446272338315406e-08
sin_rayleigh,A2_s0p1,19,5,5,1.0,0.00016050301391761873,0.00010101322117609586,0.9996944187740311,4.202994764920282e-05,4.91981532180219e-09,5.9830637100602634e-09
sin_rayleigh,A2_s0p1,20,5,5,1.0,0.00012002022013576164,0.0001290908112581267,0.9997002533432553,5.385067037931256e-05,5.472949782259207e-09,9.492591723495705e-09
